EEID,Full Name
E02387,Emily Davis
E04105,Theodore Dinh
E02572,Luna Sanders
E02832,Penelope Jordan
E01639,Austin Vo
E00644,Joshua Gupta
E01550,Ruby Barnes
E04332,Luke Martin
E04533,Easton Bailey
E03838,Madeline Walker
E00591,Savannah Ali
E03344,Camila Rogers
E00530,Eli Jones
E04239,Everleigh Ng
E03496,Robert Yang
E00549,Isabella Xi
E00163,Bella Powell
E00884,Camila Silva
E04116,David Barnes
E04625,Adam Dang
E03680,Elias Alvarado
E04732,Eva Rivera
E03484,Logan Rivera
E00671,Leonardo Dixon
E02071,Mateo Her
E02206,Jose Henderson
E04545,Abigail Mejia
E00154,Wyatt Chin
E03343,Carson Lu
E00304,Dylan Choi
E02594,Ezekiel Kumar
E00402,Dominic Guzman
E01994,Angel Powell
E03549,Mateo Vu
E03247,Caroline Jenkins
E02074,Nora Brown
E04152,Adeline Huang
E01628,Jackson Perry
E04285,Riley Padilla
E01417,Leah Pena
E01754,Owen Lam
E03749,Kennedy Foster
E03574,John Moore
E04600,William Vu
E00586,Sadie Washington
E03538,Gabriel Holmes
E02185,Wyatt Rojas
E03830,Eva Coleman
E03720,Dominic Clark
E03025,Lucy Alexander
E04917,Everleigh Washington
E00415,Leilani Butler
E02862,Peyton Huang
E04207,John Contreras
E02139,Rylee Yu
E01797,Piper Lewis
E01839,Stella Alexander
E01633,Addison Do
E01848,Zoey Jackson
E00716,John Chow
E00699,Ava Ayala
E00502,Natalia Salazar
E04000,Skylar Carrillo
E02112,Christian Sanders
E03824,Penelope Coleman
E03906,Piper Richardson
E00436,Everly Walker
E04798,Aurora Ali
E01249,Penelope Guerrero
E03349,Anna Mehta
E02966,William Foster
E01499,Jade Rojas
E00105,Isla Espinoza
E00665,David Chu
E00791,Thomas Padilla
E01540,Miles Salazar
E04474,Mila Hong
E03417,Benjamin Moua
E00254,Samuel Morales
E02166,John Soto
E00935,Joseph Martin
E01525,Jose Ross
E00386,Parker James
E00416,Everleigh Fernandez
E03383,Lincoln Hall
E01516,Willow Mai
E01234,Jack Cheng
E03440,Genesis Navarro
E00431,Eliza Hernandez
E01258,Gabriel Brooks
E00440,Jack Huynh
E00595,Everly Chow
E00972,Amelia Salazar
E04562,Xavier Zheng
E02802,Matthew Chau
E01427,Mia Cheng
E04568,Rylee Yu
E04931,Zoe Romero
E00443,Nolan Bui
E03890,Nevaeh Jones
E01194,Samantha Adams
E02875,Madeline Shin
E04959,Noah King
E03816,Leilani Chow
E01261,Connor Simmons
E03612,Grayson Cooper
E01388,Ivy Soto
E03875,Aurora Simmons
E04413,Andrew Thomas
E00691,Ezekiel Desai
E03047,Gabriella Gupta
E04903,Skylar Liu
E04735,Nova Coleman
E02850,Evelyn Dinh
E03583,Brooks Marquez
E02017,Connor Joseph
E01642,Mia Lam
E04379,Scarlett Rodriguez
E04131,Cora Rivera
E02872,Liam Jung
E02331,Sophia Huynh
E00417,Athena Carrillo
E04267,Greyson Sanders
E03061,Vivian Lewis
E00013,Elena Vang
E04265,Natalia Diaz
E04769,Mila Leung
E03042,Ava Nelson
E00527,Mateo Chu
E01095,Isla Lai
E03131,Ezekiel Reed
E01713,Nolan Guzman
E00128,Everleigh Espinoza
E03849,Evelyn Jung
E02464,Sophie Silva
E00306,Mateo Williams
E03737,Kennedy Rahman
E02783,Levi Mendez
E02939,Julian Fong
E02706,Nevaeh Kang
E00170,Hannah Nelson
E01425,Anthony Rogers
E00130,Paisley Kang
E02094,Matthew Gupta
E03567,Silas Chavez
E04682,Colton Thao
E00957,Genesis Perry
E04458,Alexander Bryant
E01499,Elias Zhang
E00521,Lily Carter
E03717,Joseph Ruiz
E01533,Avery Bailey
E04449,Miles Hsu
E02855,Piper Cheng
E00816,Skylar Watson
E02283,Jaxon Park
E04888,Elijah Henry
E03907,Camila Watson
E02166,Lucas Thomas
E00431,Skylar Doan
E01501,Hudson Liu
E01141,Gianna Williams
E02254,Jaxson Sandoval
E04504,Jameson Alvarado
E03394,Joseph Ly
E02942,Daniel Richardson
E04130,Elias Figueroa
E02848,Emma Brooks
E00085,Isla Wong
E03956,Everly Walker
E00672,Mila Pena
E04618,Mason Zhao
E03506,Jaxson Mai
E00568,Ava Garza
E00535,Nathan Mendez
E04630,Maria Griffin
E00874,Alexander Choi
E01546,Maria Hong
E00941,Sophie Ali
E03446,Julian Ross
E01361,Emma Hill
E01631,Leilani Yee
E03719,Jack Brown
E03269,Charlotte Chu
E01037,Jeremiah Chu
E00671,Miles Cho
E02216,Caleb Marquez
E02803,Eli Soto
E01584,Carter Mejia
E02489,Ethan Clark
E03189,Asher Jackson
E03560,Ayla Ng
E00769,Jose Kang
E02791,Aubrey Romero
E02333,Jaxson Wright
E01002,Elias Ali
E03520,Nolan Pena
E00752,Luna Liu
E00233,Brooklyn Reyes
E02639,Hadley Parker
E00697,Jonathan Chavez
E02183,Sarah Ayala
E00715,Elijah Kang
E04288,Ella White
E02421,Jordan Truong
E00523,Daniel Jordan
E03615,Daniel Dixon
E02761,Luca Duong
E02121,Levi Brown
E01486,Mason Cho
E00725,Nova Herrera
E03027,Elijah Watson
E03689,Wesley Gray
E01986,Wesley Sharma
E01286,Mateo Mendez
E01409,Jose Molina
E00626,Luna Simmons
E04342,Samantha Barnes
E03904,Hunter Ortiz
E01291,Thomas Aguilar
E00917,Skylar Bell
E01484,Anna Zhu
E03864,Ella Hunter
E00488,Emery Hunter
E02227,Sofia Parker
E04802,Lucy Fong
E01970,Vivian Barnes
E02813,Kai Chow
E02031,Melody Cooper
E03252,James Bui
E04871,Liam Grant
E03547,Owen Han
E04742,Kinsley Vega
E01070,Leonardo Martin
E04359,Greyson Lam
E03268,Emilia Rivera
E04035,Penelope Johnson
E01221,Eva Figueroa
E00276,Ezekiel Jordan
E01687,Luke Mai
E02844,Charles Diaz
E01263,Adam Espinoza
E00119,Jack Maldonado
E03935,Cora Jiang
E00742,Cooper Mitchell
E02810,Layla Torres
E01860,Jack Edwards
E04890,Eleanor Chan
E02285,Aria Xi
E00842,John Vega
E01271,Luke Munoz
E01921,Sarah Daniels
E03664,Aria Castro
E00813,Autumn Joseph
E00870,Evelyn Liang
E04167,Henry Alvarez
E00245,Benjamin Delgado
E00976,Zoe Rodriguez
E04112,Axel Chu
E01807,Cameron Evans
E04103,Isabella Soto
E01412,Eva Jenkins
E04386,Cameron Powell
E01232,Samantha Foster
E04572,Jade Li
E02747,Kinsley Acosta
E01064,Clara Kang
E00178,Harper Alexander
E01091,Carter Reed
E01525,Charlotte Ruiz
E01309,Everleigh Jiang
E02378,Audrey Smith
E04127,Emery Acosta
E02072,Charles Robinson
E02555,Landon Lopez
E00187,Miles Mehta
E04332,Ezra Simmons
E02062,Nora Santiago
E00034,Caroline Herrera
E00273,David Owens
E00691,Avery Yee
E01403,Xavier Park
E03438,Asher Morales
E04136,Mason Cao
E02944,Joshua Fong
E03300,Maria Chin
E00078,Eva Garcia
E00825,Anna Molina
E04972,Logan Bryant
E03941,Isla Han
E02148,Christopher Vega
E02252,Lillian Park
E03096,Kennedy Zhang
E04800,Eli Han
E02838,Julia Pham
E02980,Hailey Shin
E04477,Connor Grant
E04348,Natalia Owens
E01638,Maria He
E03419,Jade Yi
E04222,Quinn Xiong
E04126,Dominic Baker
E01896,Adam Nelson
E03018,Autumn Reed
E03325,Robert Edwards
E04037,Roman Martinez
E01902,Eleanor Li
E01466,Connor Vang
E02038,Ellie Chung
E03474,Violet Hall
E02744,Dylan Padilla
E00702,Nathan Pham
E03081,Ayla Brown
E01281,Isaac Mitchell
E04029,Jayden Jimenez
E01116,Jaxon Tran
E01753,Connor Fong
E04072,Emery Mitchell
E00672,Landon Luu
E04419,Sophia Ahmed
E00467,Sofia Dinh
E00365,Jonathan Patel
E00306,Piper Patterson
E03292,Cora Evans
E04779,Cameron Young
E00501,Melody Ho
E01132,Aiden Bryant
E00556,Grayson Walker
E00311,Scarlett Figueroa
E04567,Madeline Hoang
E04378,Ezra Simmons
E03251,Ruby Medina
E03167,Luke Zheng
E03347,Rylee Dinh
E03908,Miles Evans
E01351,Leo Owens
E02681,Caroline Owens
E03807,Kennedy Do
E00422,Jade Acosta
E00265,Mila Vasquez
E04601,Allison Ayala
E04816,Jace Zhang
E02147,Allison Medina
E02914,Maria Wilson
E03268,Everly Coleman
E03972,Jordan Gomez
E02189,Isla Chavez
E04290,Hannah Gomez
E03630,Jacob Davis
E00432,Eli Gupta
E03045,Andrew Huynh
E01924,Anna Gutierrez
E04877,Samuel Vega
E02770,Liliana Do
E04590,Isaac Sanders
E01977,Raelynn Gupta
E01378,Genesis Xiong
E04224,Lucas Ramos
E03423,Santiago f Gonzalez
E01584,Henry Zhu
E00788,Emily Contreras
E00207,Hailey Lai
E00834,Vivian Guzman
E04571,Hadley Contreras
E02652,Nathan Sun
E02693,Grace Campos
E03359,Autumn Ortiz
E00399,Connor Walker
E02971,Mia Wu
E03327,Julia Luong
E00900,Eleanor Delgado
E00836,Addison Roberts
E03854,Camila Li
E04729,Ezekiel Fong
E00360,Dylan Thao
E02284,Josephine Salazar
E00181,Genesis Hu
E04168,Mila Juarez
E02861,Daniel Perry
E01357,Paisley Hunter
E04387,Everleigh White
E03090,Penelope Choi
E03591,Piper Sun
E03328,Lucy Johnson
E04937,Ian Ngo
E00515,Joseph Vazquez
E01241,Hadley Guerrero
E03255,Jose Brown
E01711,Benjamin Ford
E00500,Henry Shah
E04972,Ivy Daniels
E02728,Thomas Chang
E04749,Caroline Phan
E02023,Maverick Mehta
E03166,Austin Edwards
E02599,Daniel Huang
E01014,Lucas Phan
E04529,Gabriel Yu
E00085,Mason Watson
E00632,Angel Chang
E02108,Madeline Coleman
E03802,Thomas Vazquez
E03685,Silas Hunter
E01089,Nicholas Brooks
E03988,Dominic Thomas
E00401,Wesley Adams
E03429,Ian Wu
E02417,Alice Young
E00359,Logan Carrillo
E02044,Caroline Alexander
E01479,Serenity Bailey
E04962,Elena Tan
E02769,Eliza Adams
E03893,Alice Xiong
E00553,Isla Yoon
E03540,Emma Perry
E02769,Riley Marquez
E03277,Caroline Hu
E04194,Madison Kumar
E01807,Matthew Lim
E01762,Maya Ngo
E02632,Alice Soto
E04226,Andrew Moore
E04101,Olivia Harris
E01981,Genesis Banks
E02534,Victoria Johnson
E01238,Eloise Griffin
E01118,Roman Yang
E04041,Clara Huynh
E04308,Kai Flores
E01052,Jaxson Dinh
E04165,Sophie Vang
E02295,Axel Jordan
E04546,Jade Hunter
E04217,Lydia Williams
E00650,Emery Chang
E00344,Savannah He
E04645,Elias Ahmed
E03880,Samantha Woods
E02730,Axel Soto
E04517,Amelia Choi
E00965,Jacob Khan
E04639,Luna Taylor
E00465,Dominic Parker
E03058,Angel Xiong
E02337,Emma Cao
E04927,Ezekiel Bryant
E03799,Natalie Hwang
E04538,Adeline Yang
E02633,Allison Roberts
E02965,Andrew Do
E04345,Eliana Grant
E02895,Mila Soto
E01132,Gabriella Johnson
E00758,Jonathan Khan
E03750,Elias Dang
E00144,Theodore Ngo
E02943,Bella Lopez
E03901,Luca Truong
E03461,Nathan Lau
E03490,Henry Campos
E04466,Connor Bell
E03226,Angel Stewart
E04607,Landon Brown
E02678,Nicholas Rivera
E02190,Gabriel Carter
E00747,Leilani Baker
E00268,Ian Flores
E01416,Hudson Thompson
E01524,Ian Miller
E03849,Harper Chin
E02801,Santiago f Brooks
E04155,Dylan Dominguez
E01952,Everett Lee
E00116,Madelyn Mehta
E04811,Athena Vasquez
E00624,William Watson
E03404,Everleigh Nunez
E01845,Leo Fernandez
E04784,Joshua Lin
E00145,Alexander Rivera
E00218,David Desai
E02185,Aubrey Yoon
E01070,Grayson Brown
E03807,Noah Chen
E00784,Ella Nguyen
E04925,Athena Jordan
E04448,Adrian Ruiz
E04817,Zoe Sanchez
E00325,Jameson Chen
E00403,Liliana Soto
E00436,Lincoln Reyes
E04358,Grayson Soto
E04662,Julia Morris
E01496,Ava Ortiz
E01870,Carson Chau
E03971,Lillian Chen
E03616,Josiah Lewis
E00153,Claire Jones
E02313,Jeremiah Lu
E02960,Nova Hill
E00096,Peyton Cruz
E02140,Naomi Zhao
E00826,Rylee Bui
E03881,Andrew Reed
E02604,Brooklyn Collins
E02613,John Jung
E00864,Samantha Aguilar
E01760,Madeline Acosta
E03223,Ethan Joseph
E01262,Miles Mehta
E01075,Joshua Juarez
E00364,Matthew Howard
E04108,Jade Figueroa
E02917,Everett Morales
E03720,Genesis Hunter
E03393,Henry Figueroa
E02977,Nicholas Song
E03371,Jack Alexander
E02531,Jameson Foster
E02473,Leonardo Lo
E02468,Ella Huang
E01499,Liam Jordan
E03697,Isaac Woods
E00593,Luke Wilson
E01103,Lyla Alvarez
E03889,Caleb Flores
E01958,Angel Lin
E01870,Easton Moore
E01167,Kinsley Collins
E00099,Brooklyn Salazar
E00044,Scarlett Jenkins
E00711,Melody Chin
E04795,Eloise Alexander
E03912,Carter Turner
E02103,Andrew Ma
E04213,Hailey Xi
E04756,Aiden Le
E04114,Christopher Lim
E01423,James Castillo
E03181,Greyson Dang
E03305,Hannah King
E00703,Wesley Dominguez
E04403,Dominic Hu
E00103,Nora Park
E04487,Audrey Hwang
E01194,Ella Jenkins
E02179,Peyton Owens
E04242,Alice Lopez
E01371,Dominic Le
E03065,Ezra Ortiz
E01377,Grayson Luu
E03097,Brooks Stewart
E01668,Naomi Xi
E03354,Silas Estrada
E02088,Skylar Ayala
E03980,Lydia Huynh
E00972,Hazel Cortez
E00824,Everleigh Adams
E04359,Layla Salazar
E03113,Willow Chen
E01488,Penelope Griffin
E01787,Lillian Romero
E03550,Stella Wu
E01052,Parker Vang
E04799,Mila Roberts
E03402,Isaac Liu
E04128,Jacob Doan
E00013,Raelynn Ma
E03114,Jameson Juarez
E04004,Everleigh Shah
E04472,Alexander Foster
E00161,Ryan Ha
E04417,Chloe Salazar
E04536,Layla Scott
E02534,Leah Khan
E02857,Mason Jimenez
E03059,Hailey Dang
E02477,Amelia Bui
E00022,Elena Her
E03370,Ian Cortez
E00555,Christian Ali
E03160,Carter Ortiz
E03919,Grayson Chan
E01724,Nolan Molina
E04087,Adam Kaur
E02856,Amelia Kaur
E03805,Autumn Gonzales
E00319,Ezra Wilson
E01090,Jacob Cheng
E04323,Melody Valdez
E02687,Caroline Nelson
E01407,Ellie Guerrero
E02748,Genesis Zhu
E01995,Jonathan Ho
E01714,Savannah Park
E04491,Nathan Chan
E01076,Sofia Vu
E04131,Ruby Choi
E02843,Lily Pena
E03758,Liam Zhang
E02063,Ian Gutierrez
E00638,David Simmons
E03571,Lincoln Henderson
E01820,Nathan Miller
E01712,James Singh
E00184,Kayden Ortega
E02706,Lucy Figueroa
E02899,Joshua Cortez
E02478,Alexander Morris
E04170,Grayson Chin
E00929,Allison Espinoza
E00530,Naomi Chu
E03824,Jameson Martin
E02492,Sebastian Gupta
E01733,Eloise Pham
E02857,Valentina Davis
E04938,Brooklyn Daniels
E04952,Paisley Gomez
E02420,Madison Li
E01639,Everleigh Simmons
E03947,Logan Soto
E04535,Charlotte Vo
E00380,Alice Thompson
E01432,Peyton Garza
E02628,Nora Nelson
E03578,Maverick Li
E03563,Ian Barnes
E02781,Athena Vu
E04739,Ruby Washington
E02665,Bella Butler
E04132,Kinsley Henry
E00276,Kennedy Romero
E04277,Zoe Do
E03890,Everett Khan
E02012,Anna Han
E02881,Leilani Sharma
E03750,Jordan Cho
E00605,Nova Williams
E04641,Scarlett Hill
E01019,Dominic Scott
E01519,Anthony Marquez
E03694,Elena Patterson
E01123,Madison Nelson
E01366,William Walker
E04005,Lincoln Wong
E02770,James Huang
E04018,Emery Ford
E01591,Paisley Trinh
E04940,Hudson Williams
E03465,Harper Phan
E03870,Madeline Allen
E01927,Charles Moore
E03064,Lincoln Fong
E01883,Isla Guzman
E03984,Hailey Foster
E00446,Hudson Hill
E02825,Wyatt Li
E04174,Maverick Henry
E01899,Xavier Jackson
E02562,Christian Medina
E01006,Autumn Leung
E02903,Robert Vazquez
E03642,Aria Roberts
E02884,Axel Johnson
E00701,Madeline Garcia
E04720,Christopher Chung
E01985,Eliana Turner
E03273,Daniel Shah
E02415,Penelope Gonzalez
E02877,Mila Allen
E00091,Emilia Chu
E02563,Emily Clark
E04221,Roman King
E04887,Emery Do
E03170,Autumn Thao
E01636,Naomi Coleman
E01387,Cora Zheng
E01363,Ayla Daniels
E02249,Allison Daniels
E02987,Mateo Harris
E03655,Samantha Rogers
E04048,Julian Lee
E03626,Nicholas Avila
E03694,Hailey Watson
E02920,Willow Woods
E03220,Alexander Gonzales
E01347,Aiden Gonzales
E03968,Joshua Chin
E04299,Paisley Hall
E01150,Allison Leung
E03774,Hannah Mejia
E01638,Elizabeth Huang
E01877,Abigail Garza
E01193,Raelynn Lu
E01789,Charles Luu
E01422,Lydia Espinoza
E00440,Adeline Thao
E00145,Kinsley Dixon
E04150,Natalia Vu
E02846,Julia Mai
E04247,Camila Evans
E02613,Everly Lai
E03349,Adam He
E03648,Vivian Hunter
E02192,Lucy Avila
E03981,Eliana Li
E03262,Logan Mitchell
E02716,Dominic Dinh
E00245,Lucas Daniels
E04123,Andrew Holmes
E03471,Julia Sandoval
E00717,Kennedy Vargas
E01966,Thomas Williams
E03683,Raelynn Hong
E03694,Eli Reed
E04766,Lyla Yoon
E01465,Hannah White
E00206,Theodore Xi
E04088,Ezra Liang
E02066,Grayson Yee
E03227,Eli Richardson
E03364,Audrey Lee
E00607,Jameson Allen
E02258,Eliza Chen
E03681,Lyla Chen
E02298,Emily Doan
E02984,Jack Mai
E02440,Grayson Turner
E04699,Ivy Tang
E03579,Robert Zhang
E01649,Eva Alvarado
E04969,Abigail Vang
E00170,Claire Adams
E00955,Theodore Marquez
E00810,Hunter Nunez
E02798,Charles Henderson
E04542,Camila Cortez
E02818,Aaron Garza
E02907,Jose Singh
E00023,Gabriel Joseph
E02391,Natalia Santos
E01429,Dylan Wilson
E00494,Robert Alvarez
E00634,Samantha Chavez
E01249,Samuel Bailey
E04683,Ezekiel Delgado
E04732,Benjamin Ramirez
E03834,Anthony Carter
E02923,Ethan Tang
E02642,Sebastian Rogers
E00981,Miles Thao
E04157,William Cao
E03528,Leo Hsu
E04547,Avery Grant
E04415,Penelope Fong
E04484,Vivian Thao
E02800,Eva Estrada
E04926,Emma Luna
E01268,Charlotte Wu
E04853,Vivian Chu
E01209,Jayden Williams
E02024,Amelia Bell
E02427,Addison Mehta
E00276,Alexander Jackson
E00951,Everly Lin
E03248,Lyla Stewart
E04444,Brooklyn Ruiz
E02307,Skylar Evans
E02375,Lincoln Huynh
E02276,Hazel Griffin
E02649,Charles Gonzalez
E00503,Leah Patterson
E01706,Avery Sun
E00676,Isaac Yoon
E02005,Isabella Bui
E01895,Gabriel Zhou
E01396,Jack Vu
E00749,Valentina Moua
E01941,Quinn Trinh
E01413,Caroline Nelson
E03928,Miles Dang
E04109,Leah Bryant
E03994,Henry Jung
E00639,Benjamin Mai
E00608,Anna Han
E04189,Ariana Kim
E02732,Alice Tran
E00324,Hailey Song
E00518,Lydia Morales
E01286,Liam Sanders
E04564,Luke Sanchez
E02033,Grace Sun
E00412,Ezra Banks
E01844,Jayden Kang
E00667,Skylar Shah
E02639,Sebastian Le
E00287,Luca Nelson
E02235,Riley Ramirez
E02720,Jaxon Fong
E03583,Kayden Jordan
E01188,Alexander James
E02428,Connor Luu
E03289,Christopher Lam
E01947,Sophie Owens
E02024,Addison Perez
E04249,Hadley Dang
E01090,Ethan Mehta
E03830,Madison Her
E04363,Savannah Singh
E04920,Nevaeh Hsu
E03866,Jordan Zhu
E03521,Jackson Navarro
E04095,Sadie Patterson
E04079,Christopher Butler
E01508,Penelope Rodriguez
E02259,Emily Lau
E04972,Sophie Oh
E01834,Chloe Allen
E03124,Caleb Nelson
E01898,Oliver Moua
E00342,Wesley Doan
E03910,Nova Hsu
E00862,Levi Moreno
E02576,Gianna Ha
E00035,Lillian Gonzales
E01832,Ezra Singh
E01755,Audrey Patel
E00465,Brooklyn Cho
E02391,Piper Ramos
E04697,Eleanor Williams
E00371,Melody Grant
E02992,Paisley Sanders
E04369,Santiago f Gray
E00592,Josephine Richardson
E03532,Jaxson Santiago
E00863,Lincoln Ramos
E03310,Dylan Campbell
E01883,Olivia Gray
E01242,Emery Doan
E02535,Caroline Perez
E00369,Genesis Woods
E03332,Ruby Sun
E03278,Nevaeh James
E02492,Parker Sandoval
E03055,Austin Rojas
E01943,Vivian Espinoza
E01388,Cooper Gupta
E00717,Axel Santos
E04637,Samuel Song
E03240,Aiden Silva
E00340,Eliana Allen
E04751,Grayson James
E04636,Hailey Yee
E00568,Ian Vargas
E02938,John Trinh
E00555,Sofia Trinh
E01111,Santiago f Moua
E03149,Layla Collins
E00952,Jaxon Powell
E04380,Naomi Washington
E04095,Ryan Holmes
E04994,Bella Holmes
E00447,Hailey Sanchez
E00089,Sofia Yoon
E02035,Eli Rahman
E03595,Christopher Howard
E03611,Alice Mehta
E04464,Cooper Yoon
E02135,John Delgado
E01684,Jaxson Liang
E02968,Caroline Santos
E03362,Lily Henderson
E01108,Hannah Martinez
E02217,William Phillips
E03519,Eliza Zheng
E01967,John Dang
E01125,Joshua Yang
E03795,Hazel Young
E00508,Thomas Jung
E02047,Xavier Perez
E01582,Elijah Coleman
E02563,Clara Sanchez
E04872,Isaac Stewart
E03159,Claire Romero
E01337,Andrew Coleman
E00102,Riley Rojas
E03637,Landon Thao
E03455,Hadley Ford
E03354,Austin Brown
E01225,Christian Fong
E01264,Hazel Alvarez
E02274,Isabella Bailey
E02848,Lincoln Huynh
E00480,Hadley Yee
E00203,Julia Doan
E00647,Dylan Ali
E03296,Eloise Trinh
E02453,Dylan Kumar
E00647,Emily Gupta
E02522,Silas Rivera
E00459,Jackson Jordan
E03007,Isaac Joseph
E04035,Hailey Lai
E00952,Leilani Thao
E03863,Madeline Watson
E02710,Silas Huang
E01895,Peyton Walker
E01339,Jeremiah Hernandez
E02938,Jace Washington
E03379,Landon Kim
E02153,Peyton Vasquez
E00994,Charlotte Baker
E00943,Elena Mendoza
E00869,Nova Lin
E03457,Ivy Desai
E02193,Josephine Acosta
E00577,Nora Nunez
E00538,Caleb Xiong
E01415,Henry Green
E00717,Madelyn Chan
E00225,Angel Delgado
E02889,Mia Herrera
E04978,Peyton Harris
E04163,David Herrera
E01652,Avery Dominguez
E00880,Grace Carter
E04335,Parker Allen
E01300,Sadie Lee
E03102,Cooper Valdez
E04089,Sebastian Fong
E02059,Roman Munoz
E03894,Charlotte Chang
E03106,Xavier Davis
E01350,Natalie Carter
E02900,Elena Richardson
E02202,Emilia Bailey
E02696,Ryan Lu
E01722,Asher Huynh
E04562,Kinsley Martinez
E00640,Paisley Bryant
E02554,Joshua Ramirez
E03412,Joshua Martin
E00646,Charles Moore
E04670,Angel Do
E03580,Maverick Medina
E00446,Isaac Han
E02363,Eliza Liang
E03718,Zoe Zhou
E01749,Nathan Lee
E02888,Elijah Ramos
E01338,Jaxson Coleman
E03000,Hailey Hong
E01611,Gabriella Zhu
E02684,Aaron Maldonado
E02561,Samantha Vargas
E03168,Nora Le
E00758,Alice Roberts
E03691,Colton Garcia
E01488,Stella Lai
E04415,Leonardo Luong
E03278,Nicholas Wong
E00282,Jeremiah Castillo
E03305,Cooper Jiang
E00559,Penelope Silva
E02558,Jose Richardson
E00956,Eleanor Chau
E03858,John Cho
E02221,Julian Delgado
E00126,Isabella Scott
E02627,Parker Avila
E03778,Luke Vu
E00481,Jameson Nelson
E02833,Adrian Fernandez
E03902,Madison Hunter
E02310,Jordan Phillips
E02661,Maya Chan
E00836,Wesley King
E00682,Sofia Fernandez
E00287,Maverick Figueroa
E00785,Hannah Hoang
E04598,Violet Garcia
E03247,Aaliyah Mai
E02703,Austin Vang
E02191,Maria Sun
E00156,Madelyn Scott
E03349,Dylan Chin
E04032,Emery Zhang
E00005,Riley Washington
E04354,Raelynn Rios
E01578,Anthony Hong
E03430,Leo Herrera
E03058,Robert Wright
E04762,Audrey Richardson
E01148,Scarlett Kumar
E03094,Wesley Young
E01909,Lillian Khan
E04398,Oliver Yang
E02521,Lily Nguyen
E03545,Sofia Cheng
